epoch,acc,nmi,Ln,Lc
0,0.7735,0.77548,0,0
1,0.77361,0.77567,0.019648452918674494,0.07315808
