epoch,acc,nmi,Ln,Lc
0,0.8514,0.80636,0,0
1,0.8512,0.80608,0.023008907586336134,0.081418045
