epoch,acc,nmi,Ln,Lc
0,0.77941,0.80682,0,0
1,0.77931,0.80682,0.02016447766407116,0.07368842
