epoch,acc,nmi,Ln,Lc
0,0.8484,0.80571,0,0
1,0.8482,0.80554,0.020756434975191952,0.071942605
