epoch,acc,nmi,Ln,Lc
0,0.81577,0.79256,0,0
1,0.81566,0.79253,0.020509114539301074,0.07485219
