epoch,acc,nmi,Ln,Lc
0,0.8105,0.82683,0,0
1,0.8104,0.82707,0.02412489280104637,0.08629252
