epoch,acc,nmi,Ln,Lc
0,0.80028,0.79221,0,0
1,0.80017,0.79241,0.020509904955287237,0.0774225
