epoch,acc,nmi,Ln,Lc
0,0.8495,0.80592,0,0
1,0.8496,0.8061,0.0214181873947382,0.074057356
