epoch,acc,nmi,Ln,Lc
0,0.91826,0.83356,0,0
1,0.91826,0.83355,0.02026844387118881,0.0738627
