epoch,acc,nmi,Ln,Lc
0,0.8374,0.79269,0,0
1,0.8371,0.79239,0.02157760360278189,0.075886466
